
			{
			"type":"inproceedings", 
			"id": "bad2015b",
			"authors":[
			
						"André Santos"
					,
						"José Carlos Ramalho"
					,
						"Miguel Ferreira"
					,
						"Hélder Silva"
					,
						"Luis Faria"
					,
						"João Moreira"
					,
						"Eloy Rodrigues"
					,
						"José Carvalho"
					
			],
			
		"title":"PT-CRIS: Um miradouro sobre o universo científico nacional"
		,
		"booktitle":"12º Congresso Nacional BAD"
		,
		"address":"Universidade de Évora, Portugal"
		,
		"year":"2015"
		,
		"month":"10.21"
		, 
		"doi":"http://hdl.handle.net/1822/37856" 
		
			}
		