
			{
			"type":"inproceedings", 
			"id": "dlm2014",
			"authors":[
			
						"José Carlos Ramalho"
					,
						"Luis Faria"
					,
						"Hélder Silva"
					
			],
			
		"title":"Database Preservation Toolkit: a flexible tool to normalize and give access to databases"
		,
		"booktitle":"DLM Forum – 7th Triennial Conference: Making the Information Governance Landscape in Europe"
		,
		"address":"Lisbon, Portugal"
		,
		"year":"2014"
		,
		"month":"11.12"
		, 
		"doi":"http://hdl.handle.net/1822/35183" 
		
			}
		