
			{
			"type":"inproceedings", 
			"id": "FBR06-XATA",
			"authors":[
			
						"Miguel Ferreira"
					,
						"Ana Alice Baptista"
					,
						"José Carlos Ramalho"
					
			],
			
		"title":"CRIB : a service oriented architecture for digital preservation outsourcing"
		,
		"booktitle":"XATA - XML: Aplicações e Tecnologias Associadas"
		,
		"year":"2006"
		,
		"address":"Portalegre - Portugal"
		,
		"month":"02.09"
		,
		"isbn":"972-99166-2-4"
		, 
		"doi":"http://hdl.handle.net/1822/4457" 
		
			}
		