
			{
			"type":"inproceedings", 
			"id": "FCRBCF07",
			"authors":[
			
						"Miguel Ferreira"
					,
						"Rui Castro"
					,
						"José Carlos Ramalho"
					,
						"Francisco Barbedo"
					,
						"Luis Corujo"
					,
						"Luis Faria"
					
			],
			
		"title":"RODA : Repositório de Objectos Digitais Autênticos"
		,
		"booktitle":"9º CONGRESSO NACIONAL DE BIBLIOTECÁRIOS, ARQUIVISTAS E DOCUMENTALISTAS"
		,
		"address":"Ponta Delgada, Açores, Portugal"
		,
		"month":"03.29"
		,
		"year":"2007"
		, 
		"doi":"http://hdl.handle.net/1822/6330" 
		
			}
		