
			{
			"type":"inproceedings", 
			"id": "FR11d",
			"authors":[
			
						"Ricardo Freitas"
					,
						"José Carlos Ramalho"
					
			],
			
		"title":"Relational Databases Conceptual Preservation"
		,
		"booktitle":"VLDL2011 - Fourth Workshop on Very Large Digital Libraries (In conjunction with the International Conference on Theory and Practice of Digital Libraries (TPDL2011))"
		,
		"address":"Berlin, Germany"
		,
		"month":"09.29"
		,
		"year":"2011"
		, 
		"doi":"http://hdl.handle.net/1822/16019" 
		
			}
		