
			{
			"type":"inbook", 
			"id": "IGI2013",
			"authors":[
			
						"Ricardo Freitas"
					,
						"José Carlos Ramalho"
					
			],
			
				"editors":[
				
							"José Carlos Ramalho"
						,
							"Alberto Simões"
						,
							"Ricardo Queirós"
						
				],
			
		"title":"Innovations in XML Applications and Metadata Management: Advancing Technologies"
		,
		"chapter":"New Dimension in Relational Database Preservation: Using Ontologies"
		,
		"pages":"160-173"
		,
		"publisher":"IGI Global"
		,
		"year":"2013"
		,
		"month":"06"
		, 
		"doi":"10.4018/978-1-4666-2669-0.ch009" 
		
			}
		