
			{
			"type":"inproceedings", 
			"id": "ipres2012",
			"authors":[
			
						"Christoph Becker"
					,
						"Kresimir Duretec "
					,
						"Petar Petrov"
					,
						"Luis Faria"
					,
						"Miguel Ferreira"
					,
						"José Carlos Ramalho"
					
			],
			
		"title":"Preservation watch : what to monitor and how"
		,
		"booktitle":"iPRES 2012 - 9th International Conference on Preservation of Digital Objects"
		,
		"address":"Toronto, Canada"
		,
		"year":"2012"
		,
		"month":"11.01"
		, 
		"doi":"http://hdl.handle.net/1822/20666" 
		
			}
		