
			{
			"type":"inproceedings", 
			"id": "ipres2013",
			"authors":[
			
						"Luis Faria"
					,
						"Alan Akbik"
					,
						"Barbara Sierman"
					,
						"Marcel Ras"
					,
						"Miguel Ferreira"
					,
						"José Carlos Ramalho"
					
			],
			
		"title":"Automatic preservation watch using information extraction on the Web : a case study on semantic extraction of natural language for digital preservation"
		,
		"booktitle":"iPRES 2013 - 10th International Conference on Preservation of Digital Objects"
		,
		"address":"Lisbon, Portugal"
		,
		"year":"2013"
		,
		"month":"09.20"
		, 
		"doi":"http://hdl.handle.net/1822/25214" 
		
			}
		