
			{
			"type":"inproceedings", 
			"id": "JHR00",
			"authors":[
			
						"M. H.  Jacinto"
					,
						"Pedro Rangel Henriques"
					,
						"José Carlos Ramalho"
					
			],
			
		"title":"XML and Semantic Validation"
		,
		"booktitle":"Logic, Language and Information: Proceedings of the First Workshop on Logic and Language"
		,
		"year":"2000"
		,
		"address":"Instituto de Lógica, Lenguaje e Información, Universidad de Sevilla, Espanha"
		,
		"month":"11.29"
		, 
		"doi":"http://hdl.handle.net/1822/597" 
		
			}
		