
			{
			"type":"inproceedings", 
			"id": "LARH07-EPIA",
			"authors":[
			
						"Giovani Rubert Librelotto"
					,
						"Renato Preigschadt de Azevedo"
					,
						"José Carlos Ramalho"
					,
						"Pedro Rangel Henriques"
					
			],
			
		"title":"Topic Maps Constraint Languages: understanding and comparing"
		,
		"booktitle":"Portuguese Conference on Artificial Intelligence (EPIA2007)"
		,
		"year":"2007"
		,
		"address":"Guimarães - Portugal"
		, 
		"doi":"http://hdl.handle.net/1822/7368" 
		
			}
		