
			{
			"type":"inproceedings", 
			"id": "LMMFRH07-TMRA",
			"authors":[
			
						"Giovani Rubert Librelotto"
					,
						"H. T. Machado"
					,
						"M. O. Martins"
					,
						"P. G. D. Ferreira"
					,
						"José Carlos Ramalho"
					,
						"Pedro Rangel Henriques"
					
			],
			
		"title":"Comparing Topic Maps Constraint Specification Languages"
		,
		"booktitle":"International Conference on Topic Maps Research and Applications (TMRA2007)"
		,
		"year":"2007"
		,
		"address":"Leipzig - Germany"
		, 
		"doi":"http://hdl.handle.net/1822/7399" 
		
			}
		