
			{
			"type":"inproceedings", 
			"id": "LRH04",
			"authors":[
			
						"Giovani Rubert Librelotto"
					,
						"José Carlos Ramalho"
					,
						"Pedro Rangel Henriques"
					
			],
			
		"title":"Um Extractor de Topic Maps a partir de Recursos Heterogéneos de Informação"
		,
		"booktitle":"XML: Aplicações e Tecnologias Associadas (XATA 2004)"
		,
		"year":"2004"
		,
		"address":"Faculdade de Engenharia da Universidade do Porto - Porto"
		,
		"month":"02.12"
		, 
		"doi":"http://hdl.handle.net/1822/613" 
		,
		"isbn":"972-99166-0-8"
		
			}
		