
			{
			"type":"inproceedings", 
			"id": "LRH04-Clei",
			"authors":[
			
						"Giovani Rubert Librelotto"
					,
						"José Carlos Ramalho"
					,
						"Pedro Rangel Henriques"
					
			],
			
				"editors":[
				
							"Mauricio Solar and David Fernández-Baca and Ernesto Cuadros-Vargas"
						
				],
			
		"title":"Extração de Topic Maps no Oveia: Especificação e Processamento"
		,
		"booktitle":"30ma Conferencia Latinoamericana de
Informática (CLEI2004)"
		,
		"year":"2004"
		,
		"address":"Sociedad Peruana de Computación, Peru"
		,
		"month":"Sept."
		,
		"isbn":"9972-9876-2-0"
		, 
		"doi":"http://hdl.handle.net/1822/594" 
		
			}
		