
			{
			"type":"inproceedings", 
			"id": "LSRH04",
			"authors":[
			
						"Giovani Rubert Librelotto"
					,
						"Weber Souza"
					,
						"José Carlos Ramalho"
					,
						"Pedro Rangel Henriques"
					
			],
			
		"title":"Using the Ontology Paradigm to integrate Information Systems"
		,
		"booktitle":"International Conference on Knowledge Engineering and Decision Support"
		,
		"address":"Porto - Portugal"
		,
		"year":"2004"
		,
		"month":"07.21-23"
		, 
		"doi":"http://hdl.handle.net/1822/584" 
		
			}
		