
			{
			"type":"inproceedings", 
			"id": "RD06-XATA",
			"authors":[
			
						"José Carlos Ramalho"
					,
						"Luis Miguel Alves Domingues"
					
			],
			
		"title":"Especificação e Geração Automática de Navegadores para Redes Semânticas Baseados em Interfaces Web"
		,
		"booktitle":"XATA - XML: Aplicações e Tecnologias Associadas"
		,
		"year":"2006"
		,
		"address":"Portalegre - Portugal"
		,
		"month":"02.09"
		,
		"isbn":"972-99166-2-4"
		, 
		"doi":"http://hdl.handle.net/1822/4576" 
		
			}
		