
			{
			"type":"article", 
			"id": "RLH05-revAPSI17",
			"authors":[
			
						"José Carlos Ramalho"
					,
						"Giovani Rubert Librelotto"
					,
						"Pedro Rangel Henriques"
					
			],
			
		"title":"Geração automática de interfaces Web para Sistemas de Informação:
Metamorphosis"
		,
		"journal":"Revista da Associação Portuguesa de Sistemas de Informação"
		,
		"volume":"17"
		,
		"year":"2005"
		,
		"publisher":"APSI"
		,
		"issn":"0872-7031"
		, 
		"doi":"http://hdl.handle.net/1822/4365" 
		
			}
		