
			{
			"type":"inproceedings", 
			"id": "RLH04",
			"authors":[
			
						"José Carlos Ramalho"
					,
						"Giovani Rubert Librelotto"
					,
						"Pedro Rangel Henriques"
					
			],
			
		"title":"Adrian - E-Learning Content Production (creating online exams)"
		,
		"booktitle":"Electronic Publishing 2004 - Building Digital Bridges: linking cultures, commerce and science"
		,
		"address":"Department of Information and Documentation Science at the University of Brasilia, in Brazil"
		,
		"year":"2004"
		,
		"month":"06.23-26"
		, 
		"doi":"http://hdl.handle.net/1822/608" 
		,
		"isbn":"85-88130-02-05"
		
			}
		