
			{
			"type":"proceedings", 
			"id": "RLS06",
			"authors":[
			
			],
			
				"editors":[
				
							"José Carlos Ramalho"
						,
							"João Correia Lopes"
						,
							"Alberto Simões"
						
				],
			
		"title":"XATA2006 (4ª Conferência Nacional) - XML: Aplicações e Tecnologias Associadas"
		,
		"year":"2006"
		,
		"address":"Instituto Politécnico de Portalegre, Portalegre - Portugal"
		,
		"month":"02.09-10"
		, 
		"doi":"http://hdl.handle.net/1822/4744" 
		,
		"isbn":"972-99166-2-4"
		
			}
		