
			{
			"type":"inproceedings", 
			"id": "RQR10",
			"authors":[
			
						"Maria Jesus Colmenero Ruiz"
					,
						"Miguel Ángel Marzal Garcia-Quismondo"
					,
						"José Carlos Ramalho"
					
			],
			
		"title":"Criação e Aplicação de um modelo baseado em Topic Maps à Documentação Educativa"
		,
		"booktitle":"10º Congresso Nacional de Bibliotecários, Arquivistas e Documentalistas"
		,
		"address":"Guimarães, Portugal"
		,
		"month":"04.08"
		,
		"year":"2010"
		,
		"isbn":"978-972-9067-39-6"
		, 
		"doi":"http://hdl.handle.net/1822/11081" 
		
			}
		