
			{
			"type":"inproceedings", 
			"id": "RTFR04",
			"authors":[
			
						"José Carlos Ramalho"
					,
						"Pedro Taveira"
					,
						"Ricardo Freitas"
					,
						"Vasco Rocha"
					
			],
			
		"title":"Gerador de Web Services para cadeias de transformações de documentos XML"
		,
		"booktitle":"XML: Aplicações e Tecnologias Associadas (XATA 2004)"
		,
		"year":"2004"
		,
		"address":"Faculdade de Engenharia da Universidade do Porto - Porto"
		,
		"month":"02.12"
		, 
		"doi":"http://hdl.handle.net/1822/561" 
		,
		"isbn":"972-99166-0-8"
		
			}
		