
			{
			"type":"inproceedings", 
			"id": "SFRL07",
			"authors":[
			
						"António Sousa"
					,
						"Luis Miguel Ferros"
					,
						"José Carlos Ramalho"
					,
						"Maria João Pires Lima"
					
			],
			
		"title":"Consulta Real em Ambiente Virtual: implementação de uma sala de referência e leitura virtual num arquivo"
		,
		"booktitle":"9º CONGRESSO NACIONAL DE BIBLIOTECÁRIOS, ARQUIVISTAS E DOCUMENTALISTAS"
		,
		"address":"Ponta Delgada, Açores, Portugal"
		,
		"month":"03.29"
		,
		"year":"2007"
		, 
		"doi":"http://hdl.handle.net/1822/6432" 
		
			}
		