<?xml version="1.0" encoding="UTF-8"?>
<relatorio>
  <abertura>
    <titulo>O meu primeiro relatório</titulo>
    <autores>
      <autor>
        <nome>José Carlos Ramalho</nome>
        <numero>4140</numero>
        <curso>LESI</curso>
        <email>jcr@di.uminho.pt</email>
      </autor>
    </autores>
    <data>2003.05.19</data>
    <disciplina>Linguagens para Anotação de Documentos</disciplina>
    <supervisor>myself</supervisor>
    <resumo>
      <para>Este é um pequeno exemplo do que deverá ser um relatório.</para>
      <para>O resumo deverá fazer uma pequena introdução do trabalho dando ao leitor uma ideia clara dos seus conteúdos.</para>
      <para>Não deverá ter mais de 4 ou 5 parágrafos ou 500 palavras.</para>
    </resumo>
  </abertura>
  <corpo>
    <capitulo>
      <titulo>Introdução</titulo>
      <resumo>
        <para>Introdução ao tema desenvolvido neste documento.</para>
      </resumo>
      <seccao>
        <titulo>Motivação</titulo>
        <para>Quais as razões que estão na génese deste trabalho.</para>
        <para>Quais irão ser os seus contributos para a minha formação, formação de terceiros ou para o estado actual da área abordada.</para>
      </seccao>
      <seccao>
        <titulo>Pré-Requisitos</titulo>
        <para>O que é que o leitor deverá saber para poder perceber o trabalho descrito.</para>
        <para>Que tecnologias deverá dominar.</para>
        <para>Que documentos deverá ler previamente.</para>
        <para>...</para>
      </seccao>
      <seccao>
        <titulo>Contexto</titulo>
        <para>Envolvência científico-pedagógica em que o trabalho se desenvolveu.</para>
        <para>Descrição do local e condições de trabalho.</para>
      </seccao>
      <sintese>
        <para>Fez-se uma apresentação dos quês que motivaram o trabalho que se descreve a seguir.</para>
      </sintese>
    </capitulo>
    <capitulo>
      <titulo>Arquitectura do sistema</titulo>
      <para>A figura seguinte dá uma ideia do sistema desenvolvido:
      <imagem>
        <legenda>Arquitectura</legenda>
        <figura ficheiro="metamorphosis.png"/>
      </imagem></para>
    </capitulo>
    <capitulo>
      <titulo>Conclusões</titulo>
      <resumo>
        <para>Neste capítulo, apontam-se as conclusões retiradas do desenvolvimento do trabalho.</para>
      </resumo>
      <para>Que é que eu posso concluir após a realização do trabalho:
      <lista>
          <item>
            <para>Que é que eu faria diferente.</para>
          </item>
          <item>
            <para>Que é que correu bem e foi uma boa aposta.</para>
          </item>
          <item>
            <para>Que é que correu mal e teria de ser alterado.</para>
          </item>
        </lista>
      </para>
      <sintese>
        <para>Este relatório termina aqui com este capítulo.</para>
      </sintese>
    </capitulo>
  </corpo>
</relatorio>
