
			{
			"type":"inproceedings", 
			"id": "bad2012",
			"authors":[
			
						"José Carlos Ramalho"
					,
						"Miguel Ferreira"
					,
						"Luis Faria"
					
			],
			
		"title":"Boas Práticas na Migração de Repositórios: lições aprendidas com o CALM e o ARQBASE"
		,
		"booktitle":"11º Congresso Nacional de Bibliotecários, Arquivistas e Documentalistas"
		,
		"address":"Fundação Calouste Gulbenkian, Lisboa"
		,
		"year":"2012"
		,
		"month":"10.20"
		, 
		"doi":"http://hdl.handle.net/1822/21611" 
		
			}
		