
			{
			"type":"inproceedings", 
			"id": "BKRFBR08",
			"authors":[
			
						"Christoph Becker"
					,
						"Michael Kraxner"
					,
						"Andreas Rauber"
					,
						"Miguel Ferreira"
					,
						"Ana Alice Baptista"
					,
						"José Carlos Ramalho"
					
			],
			
		"title":"Distributed Preservation Services: Integrating Planning and Actions"
		,
		"booktitle":"ECDL2008 - European Conference on Research and Advanced Technology for Digital Libraries"
		,
		"year":"2008"
		,
		"month":"09"
		,
		"address":"Aarhus, Danmark"
		, 
		"doi":"http://hdl.handle.net/1822/8239" 
		
			}
		