
			{
			"type":"inproceedings", 
			"id": "cisti2017",
			"authors":[
			
						"José Carlos Ramalho"
					,
						"André Pereira"
					,
						"Miguel Ferreira"
					,
						"Luis Faria"
					
			],
			
		"title":"RODA-in: A generic tool for the mass creation of Submission Information Packages"
		,
		"booktitle":"12th Iberian Conference on Information Systems and Technologies (CISTI),"
		,
		"address":"ISCTE, Lisboa, Portugal"
		,
		"year":"2017"
		,
		"month":"06.24"
		, 
		"doi":"http://hdl.handle.net/1822/46093" 
		
			}
		