
			{
			"type":"inproceedings", 
			"id": "FBR05-CAPSI",
			"authors":[
			
						"Miguel Ferreira"
					,
						"Ana Alice Baptista"
					,
						"José Carlos Ramalho"
					
			],
			
		"title":"Avaliação Automática de Migração em Redes Distribuídas de
Conversores"
		,
		"booktitle":"6ª Conferência da Associação Portuguesa de Sistemas de Informação"
		,
		"year":"2005"
		,
		"address":"Bragança - Portugal"
		,
		"month":"10.26"
		, 
		"doi":"http://hdl.handle.net/1822/3616" 
		
			}
		