
			{
			"type":"article", 
			"id": "FBR07-IJDL",
			"authors":[
			
						"Miguel Ferreira"
					,
						"Ana Alice Baptista"
					,
						"José Carlos Ramalho"
					
			],
			
		"title":"An intelligent decision support system for digital preservation"
		,
		"journal":"International Journal on Digital Libraries"
		,
		"publisher":"Springer Berlin / Heidelberg"
		,
		"issn":"1432-5012 (Print) 1432-1300 (Online)"
		,
		"month":"05"
		,
		"year":"2007"
		, 
		"doi":"http://hdl.handle.net/1822/6648" 
		
			}
		