
			{
			"type":"inproceedings", 
			"id": "FR04b",
			"authors":[
			
						"José Carlos Ramalho"
					,
						"Miguel Ferreira"
					
			],
			
		"title":"DIGITARQ - CREATING AND MANAGING A DIGITAL ARCHIVE"
		,
		"booktitle":"Electronic Publishing 2004 - Building Digital Bridges: linking cultures, commerce and science"
		,
		"address":"Department of Information and Documentation Science at the University of Brasilia, in Brazil"
		,
		"year":"2004"
		,
		"month":"06.23-26"
		, 
		"doi":"http://hdl.handle.net/1822/615" 
		,
		"isbn":"85-88130-02-05"
		
			}
		