
			{
			"type":"inproceedings", 
			"id": "FR04",
			"authors":[
			
						"Miguel Ferreira"
					,
						"José Carlos Ramalho"
					
			],
			
		"title":"Aquisição e Armazenamento de Metainformação no Contexto de um Arquivo"
		,
		"booktitle":"XML: Aplicações e Tecnologias Associadas (XATA 2004)"
		,
		"year":"2004"
		,
		"address":"Faculdade de Engenharia da Universidade do Porto - Porto"
		,
		"month":"02.12"
		, 
		"doi":"http://hdl.handle.net/1822/614" 
		,
		"isbn":"972-99166-0-8"
		
			}
		