
			{
			"type":"article", 
			"id": "GARH09",
			"authors":[
			
						"Giovani Rubert Librelotto"
					,
						"Renato Preigschadt de Azevedo"
					,
						"José Carlos Ramalho"
					,
						"Pedro Rangel Henriques"
					
			],
			
		"title":"Topic maps constraint languages : understanding and comparing"
		,
		"journal":"International Journal of Reasoning-based Intelligent Systems"
		,
		"publisher":"Inderscience"
		,
		"issn":"1755-0556. 1:3-4 (2009) 173 - 181"
		,
		"year":"2009"
		, 
		"doi":"http://hdl.handle.net/1822/9741" 
		
			}
		