
			{
			"type":"inproceedings", 
			"id": "icadl2012",
			"authors":[
			
						"Luis Faria"
					,
						"Petar Petrov"
					,
						"Kresimir Duretec "
					,
						"Christoph Becker"
					,
						"Miguel Ferreira"
					,
						"José Carlos Ramalho"
					
			],
			
		"title":"Design and architecture of a novel preservation watch system"
		,
		"booktitle":"14th International Conference on Asia-Pacific Digital Libraries, ICADL 2012"
		,
		"address":"Taipei, Taiwan"
		,
		"year":"2012"
		,
		"month":"11.12"
		, 
		"doi":"http://hdl.handle.net/1822/21447" 
		
			}
		