
			{
			"type":"inproceedings", 
			"id": "JLRHb02",
			"authors":[
			
						"M. H.  Jacinto"
					,
						"Giovani Rubert Librelotto"
					,
						"José Carlos Ramalho"
					,
						"Pedro Rangel Henriques"
					
			],
			
		"title":"Bidirectional Conversion between XML Documents and Relational Data Bases"
		,
		"booktitle":"7th International Conference on CSCW in  Design"
		,
		"year":"2002"
		,
		"address":"Rio de Janeiro - Brasil"
		,
		"month":"09.25"
		, 
		"doi":"http://hdl.handle.net/1822/601" 
		
			}
		