
			{
			"type":"inproceedings", 
			"id": "JRH03",
			"authors":[
			
						"M. H.  Jacinto"
					,
						"José Carlos Ramalho"
					,
						"Pedro Rangel Henriques"
					
			],
			
		"title":"XML Templates for Constraints (XTC), Um Nível de Abstracção para Linguagens de
			Especificação de Restrições"
		,
		"booktitle":"XATA2003 - XML: Aplicações e Tecnologias Associadas"
		,
		"year":"2003"
		,
		"address":"Vila Verde - Portugal"
		,
		"month":"02.13-14"
		, 
		"doi":"http://hdl.handle.net/1822/4911" 
		
			}
		