
			{
			"type":"inproceedings", 
			"id": "LMMVRH08-XATA",
			"authors":[
			
						"Giovani Rubert Librelotto"
					,
						"Mirkos Martins"
					,
						"Henrique Machado"
					,
						"Juliana Vizzotto"
					,
						"José Carlos Ramalho"
					,
						"Pedro Rangel Henriques"
					
			],
			
		"title":"Generating a Semantic Network for PubMed"
		,
		"booktitle":"XATA 2008 -  XML: Aplicações e Tecnologias Associadas (6ª Conferência Nacional)"
		,
		"year":"2008"
		,
		"address":"Évora - Portugal"
		,
		"month":"02.14"
		
			}
		