
			{
			"type":"inproceedings", 
			"id": "LPRH07-TM",
			"authors":[
			
						"Giovani Rubert Librelotto"
					,
						"Renato Preigschadt de Azevedo"
					,
						"José Carlos Ramalho"
					,
						"Pedro Rangel Henriques"
					
			],
			
		"title":"Topic Maps Constraint Specification Languages: comparing AsTMa!, OSL, and XTche"
		,
		"booktitle":"Topic Maps 2007 -  The First International Topic Maps User Conference"
		,
		"year":"2007"
		,
		"address":"Oslo - Norway"
		,
		"month":"03.21"
		, 
		"doi":"http://hdl.handle.net/1822/6474" 
		
			}
		