
			{
			"type":"inproceedings", 
			"id": "LPRH07-XATA",
			"authors":[
			
						"Giovani Rubert Librelotto"
					,
						"Renato Preigschadt de Azevedo"
					,
						"José Carlos Ramalho"
					,
						"Pedro Rangel Henriques"
					
			],
			
		"title":"Navegando na Rede Semântica dos Topic Maps com o Ulisses"
		,
		"booktitle":"XATA 2007 -  XML: Aplicações e Tecnologias Associadas (5ª Conferência Nacional)"
		,
		"year":"2007"
		,
		"address":"Lisboa - Portugal"
		,
		"month":"02.14"
		, 
		"doi":"http://hdl.handle.net/1822/6482" 
		
			}
		