
			{
			"type":"inproceedings", 
			"id": "LRH06-XATA",
			"authors":[
			
						"Giovani Rubert Librelotto"
					,
						"José Carlos Ramalho"
					,
						"Pedro Rangel Henriques"
					
			],
			
		"title":"Topic Maps Aplicados ao Sistema de Informação do Museu da Emigração"
		,
		"booktitle":"XATA - XML: Aplicações e Tecnologias Associadas"
		,
		"year":"2006"
		,
		"address":"Portalegre - Portugal"
		,
		"month":"02.09"
		,
		"isbn":"972-99166-2-4"
		, 
		"doi":"http://hdl.handle.net/1822/4910" 
		
			}
		