
			{
			"type":"inproceedings", 
			"id": "LRH05",
			"authors":[
			
						"Giovani Rubert Librelotto"
					,
						"José Carlos Ramalho"
					,
						"Pedro Rangel Henriques"
					
			],
			
		"title":"Obtendo Interoperabilidade Semântica em Sistemas Heterogéneos de Informação com Metamorphosis"
		,
		"booktitle":"XML: Aplicações e Tecnologias Associadas (XATA 2005)"
		,
		"year":"2005"
		,
		"address":"Braga"
		,
		"month":"02.10"
		, 
		"doi":"http://hdl.handle.net/1822/1020" 
		,
		"isbn":"972-99166-1-6"
		
			}
		