
			{
			"type":"inproceedings", 
			"id": "LRH05-CLEI",
			"authors":[
			
						"Giovani Rubert Librelotto"
					,
						"José Carlos Ramalho"
					,
						"Pedro Rangel Henriques"
					
			],
			
		"title":"Ulisses: Um Navegador Conceptual para Topic Maps"
		,
		"booktitle":"XXXI Conferência Latinoamericana de Informática"
		,
		"year":"2005"
		,
		"address":"Santiago de Cali - Colombia"
		,
		"month":"10.10"
		,
		"isbn":"958-670-422-X"
		, 
		"doi":"http://hdl.handle.net/1822/3532" 
		
			}
		