
			{
			"type":"inproceedings", 
			"id": "LRHGT08",
			"authors":[
			
						"Giovani Rubert Librelotto"
					,
						"José Carlos Ramalho"
					,
						"Pedro Rangel Henriques"
					,
						"Jonas Gassen"
					,
						"Rogério Correa Turchetti"
					
			],
			
		"title":"A Framework to specify, extract and manage Topic Maps driven by ontologies"
		,
		"booktitle":"SIGDOC'08 -- 26th ACM International Conference on Design of Communication"
		,
		"year":"2008"
		,
		"month":"09-23"
		,
		"address":"Lisboa, Portugal"
		, 
		"doi":"http://hdl.handle.net/1822/8236" 
		
			}
		