
			{
			"type":"inproceedings", 
			"id": "MRH04",
			"authors":[
			
						"Ricardo Martins"
					,
						"José Carlos Ramalho"
					,
						"Pedro Rangel Henriques"
					
			],
			
		"title":"Comparação de Linguagens para descrição de Interfaces baseadas em XML"
		,
		"booktitle":"XML: Aplicações e Tecnologias Associadas (XATA 2004)"
		,
		"year":"2004"
		,
		"address":"Faculdade de Engenharia da Universidade do Porto - Porto"
		,
		"month":"02.12"
		, 
		"doi":"http://hdl.handle.net/1822/562" 
		,
		"isbn":"972-99166-0-8"
		
			}
		