
			{
			"type":"misc", 
			"id": "RFCFBC06",
			"authors":[
			
						"José Carlos Ramalho"
					,
						"Miguel Ferreira"
					,
						"Rui Castro"
					,
						"Luis Faria"
					,
						"Francisco Barbedo"
					,
						"Luis Corujo"
					
			],
			
		"title":"RODA - Desenvolvimento de uma plataforma tecnológica para suporte de Arquivos Digitais"
		,
		"howpublished":"Apresentação efectuada no Encontro Sofware Livre na Administração Pública, Torre do Tombo, Lisboa - Portugal, em 29 de Novembro de 2006."
		,
		"year":"2006"
		, 
		"doi":"http://hdl.handle.net/1822/6420" 
		
			}
		