
			{
			"type":"inproceedings", 
			"id": "RFCFBC07",
			"authors":[
			
						"José Carlos Ramalho"
					,
						"Miguel Ferreira"
					,
						"Rui Castro"
					,
						"Luis Faria"
					,
						"Francisco Barbedo"
					,
						"Luis Corujo"
					
			],
			
		"title":"XML e preservação digital"
		,
		"booktitle":"XATA2007 : XML : aplicações e tecnologias associadas : actas da Conferência Nacional"
		,
		"address":"Lisboa, Portugal"
		,
		"month":"02.15"
		,
		"year":"2007"
		, 
		"doi":"http://hdl.handle.net/1822/6224" 
		
			}
		