
			{
			"type":"inproceedings", 
			"id": "RFFCBC08",
			"authors":[
			
						"José Carlos Ramalho"
					,
						"Miguel Ferreira"
					,
						"Luis Faria"
					,
						"Rui Castro"
					,
						"Francisco Barbedo"
					,
						"Luis Carriço"
					
			],
			
		"title":"RODA and Crib: A Service-Oriented Digital Repository"
		,
		"booktitle":"iPRES 2008: The Fifth International Conference on Preservation of Digital Objects"
		,
		"year":"2008"
		,
		"month":"09"
		,
		"address":"London, England"
		, 
		"doi":"http://hdl.handle.net/1822/8226" 
		
			}
		