
			{
			"type":"inproceedings", 
			"id": "RFFLS06",
			"authors":[
			
						"José Carlos Ramalho"
					,
						"Miguel Ferreira"
					,
						"Luis Miguel Ferros"
					,
						"Maria João Pires Lima"
					,
						"António Sousa"
					
			],
			
		"title":"Digitarq2 : nova arquitectura aplicacional para gestão de Arquivos Definitivos"
		,
		"booktitle":"2ª Conferência Internacional de Arquivos Empresariais"
		,
		"address":"Seixal, Portugal"
		,
		"month":"11.27"
		,
		"year":"2006"
		, 
		"doi":"http://hdl.handle.net/1822/6038" 
		
			}
		