
			{
			"type":"inproceedings", 
			"id": "RHHRAF98",
			"authors":[
			
						"J. G. Rocha"
					,
						"M. R. Henriques"
					,
						"Pedro Rangel Henriques"
					,
						"José Carlos Ramalho"
					,
						"José João Almeida"
					,
						"J. L. Faria"
					
			],
			
		"title":"Adapting Museum Structures for the Web: No Changes Needed!"
		,
		"booktitle":"Museums and the Web: An International Conference"
		,
		"year":"1998"
		,
		"address":"Toronto, Canada"
		,
		"month":"04.22"
		, 
		"doi":"http://hdl.handle.net/1822/624" 
		
			}
		