
			{
			"type":"inproceedings", 
			"id": "RHL04-eLes",
			"authors":[
			
						"José Carlos Ramalho"
					,
						"Pedro Rangel Henriques"
					,
						"Giovani Rubert Librelotto"
					
			],
			
		"title":"ADRIAN: Sistema de Suporte à Produção de Conteúdos"
		,
		"booktitle":"Conferência eLes'04 - E-Learning no Ensino Superior"
		,
		"year":"2004"
		,
		"address":"Universidade de Aveiro, Portugal"
		,
		"month":"Outubro"
		, 
		"doi":"http://hdl.handle.net/1822/733" 
		,
		"isbn":"972-789-134-9"
		
			}
		