
			{
			"type":"proceedings", 
			"id": "RLA08",
			"authors":[
			
			],
			
				"editors":[
				
							"José Carlos Ramalho"
						,
							"João Correia Lopes"
						,
							"Salvador Abreu"
						
				],
			
		"title":"XATA2008 (6ª Conferência Nacional) - XML: Aplicações e Tecnologias Associadas"
		,
		"year":"2008"
		,
		"address":"Departamento de Informática da Universidade de Évora, Évora - Portugal"
		,
		"month":"02.14"
		, 
		"doi":"http://hdl.handle.net/1822/7708" 
		,
		"isbn":"978-972-99166-5-6"
		
			}
		