
			{
			"type":"proceedings", 
			"id": "RLC07",
			"authors":[
			
			],
			
				"editors":[
				
							"José Carlos Ramalho"
						,
							"João Correia Lopes"
						,
							"Luis Carriço"
						
				],
			
		"title":"XATA2007 (5ª Conferência Nacional) - XML: Aplicações e Tecnologias Associadas"
		,
		"year":"2007"
		,
		"address":"Faculdade de Ciências - Universidade de Lisboa, Lisboa - Portugal"
		,
		"month":"02.14-15"
		, 
		"doi":"http://hdl.handle.net/1822/6234" 
		,
		"isbn":"978-972-99166-4-9"
		
			}
		