
			{
			"type":"inproceedings", 
			"id": "RLH07-EML",
			"authors":[
			
						"Giovani Rubert Librelotto"
					,
						"Renato Preigschadt de Azevedo"
					,
						"José Carlos Ramalho"
					,
						"Pedro Rangel Henriques"
					
			],
			
		"title":"Topic Maps applied to PubMed"
		,
		"booktitle":"Extreme Markup Languages 2007, Montréal - Canada, August 2007."
		,
		"year":"2007"
		,
		"address":"Montréal - Canada"
		,
		"month":"08"
		, 
		"doi":"http://hdl.handle.net/1822/7330" 
		
			}
		