
			{
			"type":"inproceedings", 
			"id": "RLH2003",
			"authors":[
			
						"José Carlos Ramalho"
					,
						"Giovani Rubert Librelotto"
					,
						"Pedro Rangel Henriques"
					
			],
			
		"title":"Ontology driven Websites - Metamorphosis: a framework to specify and manage ontology driven websites"
		,
		"booktitle":"Electronic Publishing 2003: From information to knowledge"
		,
		"year":"2003"
		,
		"address":"Universidade do Minho - Guimarães - Portugal"
		,
		"month":"06.25"
		, 
		"doi":"http://hdl.handle.net/1822/553" 
		
			}
		