<?xml version="1.0" encoding="UTF-8"?>
<gentree xmlns:xsi="http://www.w3.org/2001/XMLSchema-instance"
    xsi:noNamespaceSchemaLocation="gentree.xsd">
    <persons>
        <person id="p1">
            <name>José Carlos</name>
            <bdate>1967-02-01</bdate>
            <plbirth>Viana do Castelo</plbirth>
        </person>
        <person id="p2">
            <name>David</name>
            <bdate>1994-11-03</bdate>
            <plbirth>Viana do Castelo</plbirth>
        </person>
        <person id="p3">
            <name>José</name>
            <bdate>1942-06-02</bdate>
            <plbirth>Porto</plbirth>
        </person>
        <person id="p4">
            <name>Carmen</name>
            <bdate>1963-06-24</bdate>
            <plbirth>Moçambique</plbirth>
        </person>
    </persons>
    <relations>
        <relation>
            <name>father-son-1</name>
            <pref>p1</pref>
            <role>father</role>
            <pref>p2</pref>
            <role>son</role>
        </relation>
        <relation>
            <name>father-son-2</name>
            <pref>p3</pref>
            <role>father</role>
            <pref>p1</pref>
            <role>son</role>
        </relation>
        <relation>
            <name>mother-son-1</name>
            <pref>p4</pref>
            <role>mother</role>
            <pref>p2</pref>
            <role>son</role>
        </relation>
    </relations>
</gentree>
