

<grupo>
  <aluno1>
    <numero1>4140</numero1>
    <nome1>Jos� Carlos Ramalho</nome1>
    <curso1>LESI</curso1>
  </aluno1>
  <aluno2>
    <numero2>4156</numero2>
    <nome2>Paulo Domingues</nome2>
    <curso2>LESI</curso2>
  </aluno2>
  <aluno3>
    <numero3>4238</numero3>
    <nome3>Xico da esquina</nome3>
    <curso3></curso3>
  </aluno3>
  <titulo>teste2</titulo>
  <file>4140_4156_423810:00:12.pp1</file>
  <data>Wed Nov  7 10:00:12 WET 2001</data>
</grupo>

<grupo>
  <aluno1>
    <numero1>4140</numero1>
    <nome1>jcr</nome1>
    <curso1>LESI</curso1>
  </aluno1>
  <aluno2>
    <numero2>4156</numero2>
    <nome2>pado</nome2>
    <curso2>LESI</curso2>
  </aluno2>
  <aluno3>
    <numero3>4238</numero3>
    <nome3>jar</nome3>
    <curso3></curso3>
  </aluno3>
  <titulo>teste2</titulo>
  <file>4140_4156_423810:21:31.pp1</file>
  <data>Wed Nov  7 10:21:31 WET 2001</data>
</grupo>
