<?xml version="1.0" encoding="ISO-8859-1"?><grafo xmlns:xsi="http://www.w3.org/2001/XMLSchema-instance" xsi:noNamespaceSchemaLocation="C:\Documents and Settings\Jos� Carlos Ramalho\My Documents\Documentos\XML samples\grafo\grafo.xsd">  <nodos>    <nodo id="brg">      <nome>Braga</nome>      <pop>140000</pop>    </nodo>    <nodo id="prt">      <nome>Porto</nome>      <pop>1200000</pop>    </nodo>    <nodo id="gmr">      <nome>Guimar�es</nome>      <pop>60000</pop>    </nodo>    <nodo id="brc">      <nome>Barcelos</nome>      <pop>70000</pop>    </nodo>    <nodo id="vct">      <nome>Viana do Castelo</nome>      <pop>50000</pop>    </nodo>  </nodos>  <ligacoes>    <ligacao>      <origem nref="prt"/>      <destino nref="brc"/>      <peso>50</peso>    </ligacao>    <ligacao>      <origem nref="brc"/>      <destino nref="prt"/>      <peso>50</peso>    </ligacao>    <ligacao>      <origem nref="prt"/>      <destino nref="brg"/>      <peso>45</peso>    </ligacao>    <ligacao>      <origem nref="brg"/>      <destino nref="prt"/>      <peso>45</peso>    </ligacao>    <ligacao>      <origem nref="prt"/>      <destino nref="gmr"/>      <peso>53</peso>    </ligacao>    <ligacao>      <origem nref="gmr"/>      <destino nref="prt"/>      <peso>53</peso>    </ligacao>    <ligacao>      <origem nref="gmr"/>      <destino nref="brg"/>      <peso>18</peso>    </ligacao>    <ligacao>      <origem nref="brg"/>      <destino nref="gmr"/>      <peso>18</peso>    </ligacao>    <ligacao>      <origem nref="brc"/>      <destino nref="brg"/>      <peso>15</peso>    </ligacao>    <ligacao>      <origem nref="brg"/>      <destino nref="brc"/>      <peso>15</peso>    </ligacao>    <ligacao>      <origem nref="brg"/>      <destino nref="vct"/>      <peso>48</peso>    </ligacao>    <ligacao>      <origem nref="vct"/>      <destino nref="brg"/>      <peso>48</peso>    </ligacao>    <ligacao>      <origem nref="brc"/>      <destino nref="vct"/>      <peso>20</peso>    </ligacao>    <ligacao>      <origem nref="vct"/>      <destino nref="brc"/>      <peso>20</peso>    </ligacao>  </ligacoes></grafo>