<?xml version="1.0" encoding="UTF-8"?>
<arqelem>
   <id> Lugar de Gaião </id>
   <desc> Povoado fortificado</desc>
   <lugar> Lugar de Gaião </lugar>
   <freguesia> Cabanelas </freguesia>
   <concelho> Vila Verde </concelho>
   <acesso>O acesso mais fácil é feito a partir de Parada de Gatim, atravessando o rio Cávado de barca.</acesso>
   <quadro>Pequeno cabeço de baixa altitude, sobranceiro ao rio Cávado. A zona oeste do monte encontra-se alterada pela construção de casas e por
			caminhos.</quadro>
   <descarq>O povoado possui uma única plataforma, correspondente à zona mais alta do monte. Nos seus limites é possível perceber vestígios de um
			talude defensivo. A Oeste, na zona em que o cabeço se liga naturalmente a outros, formando um pequeno esporão paralelo ao rio, são
			perceptíveis vestígios de um fosso, que deveria reforçar a defesa desse lado do povoado. Apesar da sua baixa altitude o povoado possui
			boas defesas naturais, asseguradas pelas vertentes mais ou menos abruptas do cabeço. Na sua superfície vêem-se pedras toscamente
			aparelhadas e fragmentos de cerâmica micácea e romana. </descarq>
</arqelem>
