<?xml version="1.0" encoding="UTF-8"?>
<arqelem>
   <id> Bouro (Santa Maria) </id>
   <desc> Povoado fortificado</desc>
   <lugar> Monte do Outeiro </lugar>
   <freguesia> Bouro (Santa Maria) </freguesia>
   <concelho> Amares </concelho>
   <acesso>O acesso ao local pode fazer-se por caminho carreteiro, a partir da estrada nacional Amares-Gerês, em direcção ao lugar de
			Outeiro.</acesso>
   <quadro>O monte do Outeiro corresponde a um pequeno cabeço, situado perto do rio Cávado, numa zona razoavelmente plana de um terraço
			fluvial.</quadro>
   <descarq>O povoado possui uma única plataforma, no topo do cabeço, que se encontra circundada por um talude. Este parece corresponder a uma
			estrutura defensiva. Na superfície do solo recolhem-se fragmentos de tijoleira e são visíveis pedras, correspondentes a derrubes de
			estruturas. No entanto, não se registam quaisquer alinhamentos coerentes. Trata-se, aparentemente, de um povoado de baixa altitude,
			provavelmente romanizado, semelhante ao povoado do Lago, em Amares. </descarq>
</arqelem>
