<?xml version="1.0" encoding="UTF-8"?>
<arqelem>
   <id> Castro de Santa Engrácia </id>
   <desc> Povoado fortificado</desc>
   <lugar> Castro de Santa Engrácia </lugar>
   <freguesia> Geme </freguesia>
   <concelho> Vila Verde </concelho>
   <acesso>O acesso faz-se a partir das povoações de Geme, ou de Esqueiros.</acesso>
   <quadro>O sítio onde assenta o  castro corresponde a um monte, de altitude média, que se destaca bem no vale,
			definido pelos terraços da Ribeira do Tojal, a Este e do Ribeiro de Silvares, a Norte e NE.</quadro>
   <descarq>O monte encontra-se totalmente arborizado, facto que torna difícil a observação de estruturas. O povoado parece estar bastante
			destruído, quer pela vegetação, quer por sucessivos roubos de pedra. Actualmente é mesmo impossível definir o número de linhas de muralhas
			que possuía.</descarq>
</arqelem>
