<?xml version="1.0" encoding="UTF-8"?>
<arqelem>
   <id> Santa Helena; Santa Cruz </id>
   <desc> Povoado fortificado</desc>
   <lugar> Castro de Santa Cruz, ou de Santa Helena </lugar>
   <freguesia> Turiz </freguesia>
   <concelho> Vila Verde </concelho>
   <acesso>O acesso a este povoado faz-se a partir de Turiz.</acesso>
   <quadro>. O Monte de Santa Cruz, ou de Santa Helena, corresponde a um pequeno cabeço localizado entre a Ribeira de Febros e a Ribeira de
			Barge.</quadro>
   <descarq>O povoado encontra-se bastante destruído por sucessivas extracções e roubos de pedra. No entanto, podem ainda observar-se restos de
			antigos taludes defensivos a delimitar as plataformas. Na superfície do cabeço aparecem pedras revolvidas e fragmentos de
			tijoleira.</descarq>
</arqelem>
