<?xml version="1.0" encoding="UTF-8"?>
<arqelem>
   <id> Portelagem; Casa da Moura </id>
   <desc> Monumento megalítico </desc>
   <lugar/>
   <freguesia> Vila Chã </freguesia>
   <concelho> Esposende </concelho>
   <acesso>Por caminho carreteiro a partir do lugar do Sobreiro. </acesso>
   <quadro> Planalto a Sudeste do Rápido. </quadro>
   <descarq>Neste monumento megalítico, de câmara rectangular alongada, com 4,10m de comprimento por 1,50m de largura e 2m de altura, revestida
			por couraça lítica, Martins Sarmento exumou três pontas de seta e um púcaro, de fabrico manual, pasta arenosa, grosseira, de cor
			acastanhada. A pança apresenta carena na parte média do corpo do vaso, sobre o qual existe uma fiada de mamilos. Também sobre o bordo se
			registam decorações mamilares. A base é de fundo plano e a asa de secção sub-rectangular, de inserção vertical. As características deste
			vaso, inserem-no entre os finais do IIIº e os meados do IIº milénio A.C. </descarq>
</arqelem>
