<?xml version="1.0" encoding="UTF-8"?>
<arqelem>
   <id> Castro de Caldelas; Monte das Caldas; Outeiro de S. Sebastião</id>
   <desc> Povoado fortificado</desc>
   <lugar> S. Sebastião </lugar>
   <freguesia> Caldelas </freguesia>
   <concelho> Amares </concelho>
   <acesso> O acesso faz-se a partir de Caldelas, por caminho carreteiro.</acesso>
   <quadro>O povoado assenta num pequeno outeiro, bem destacado no vale do rio Homem. O monte encontra-se densamente arborizado. </quadro>
   <descarq> A cobertura vegetal do cabeço não deixa perceber quaisquer estruturas à superfície. Todavia é possível identificar algum material de
			derrube, nos locais onde passariam as muralhas. Desconhece-se se o povoado terá sido romanizado. </descarq>
</arqelem>
