<?xml version="1.0" encoding="UTF-8"?>
<arqelem>
   <id> Penedos Pintos </id>
   <desc> Monumento megalítico </desc>
   <lugar> Coutada do Professor </lugar>
   <freguesia> Estorãos </freguesia>
   <concelho> Fafe </concelho>
   <acesso>Junto à E.N. 614 (Estorãos-Aboim), 300m abaixo do cruzamento da Cruz de Canelhas. </acesso>
   <quadro>Zona planáltica, integrada na bacia do rio Vizela.</quadro>
   <descarq>Grande  mamoa, com cerca de 20m de diâmetro, por cerca 2,50m de altura. O monumento apresenta forte
			depressão central, indicador de violação da câmara. O estado de conservação é medíocre.</descarq>
</arqelem>
