<?xml version="1.0" encoding="UTF-8"?>
<arqelem>
   <id> Monte das Antas </id>
   <desc> Necrópole megalítica </desc>
   <lugar> Monte das Antas</lugar>
   <freguesia> Medelo </freguesia>
   <concelho> Fafe </concelho>
   <acesso>Faz-se a partir da E.N. 311, seguida pela E.M. 614 que atravessa o Monte das Antas, entre Largateira e Corujeira. </acesso>
   <quadro>Os monumentos situam-se numa vertente suave com plataformas, sobranceira à bacia hidrográfica do rio Vizela.</quadro>
   <descarq>Duas  mamoas no lugar da Corujeira, junto à E. M. 614. Uma delas encontra-se destruída, estando a outra
			ainda intacta, não apresentando quaisquer vestígios de violação da câmara. Trata-se de um monumento de razoáveis dimensões com 8m de
			diâmetro por cerca de 2m de altura. No lugar de Sargaça, já no Monte Formigueiro, a Norte, existe uma outra 
				mamoa semi-destruída. </descarq>
</arqelem>
