<?xml version="1.0" encoding="UTF-8"?>
<arqelem>
   <id> Quinta de Rios de Cima </id>
   <desc> Pedestal de estátua </desc>
   <lugar> Quinta de Rios de Cima </lugar>
   <freguesia> Caires </freguesia>
   <concelho> Amares </concelho>
   <acesso/>
   <quadro>Monumento identificado em 1983, no decorrer do levantamento arqueológico de Amares, realizado pela U. A. U. M.. Embora encontrado na
			Quinta de Rios de Cima, onde pode ser visto, desconhece-se o sítio exacto da sua proveniência, sabendo-se que foi usado como material de
			construção na capela de S. Vicente, demolida em 1815.</quadro>
   <descarq>Monumento em granito, correspondente ao pedestal de uma estátua, com inscrição latina, dedicado ao Génio. Encontra-se praticamente
			intacto, evidenciando excelente qualidade de execução dentro dos cânones clássicos. Ao centro da face superior, plana, existe uma cavidade
			quadrangular, com moldura rebaixada, que servia para encaixar a estátua da divindade homenageada. Dimensões: 39x37; 88x33x31; 33x38; campo
			epigráfico: 47x33. Inscrição: Q (uintus). SABI/ NIVS. FLO/ RVS. GEN/ IO. V(otum). S (olvit). L (ibens). M (erito). Quinto Sabínio Floro
			cumpriu de bom grado o voto ao Génio, digno de merecimento. Pela tipologia e pelas características paleográficas do texto o monumento
			datará do séc I da nossa era. </descarq>
</arqelem>
