<?xml version="1.0" encoding="UTF-8"?>
<arqelem>
   <id> Chã do Fojo; Lage Branca </id>
   <desc> Necrópole megalítica </desc>
   <lugar> Alto de Pebrigue </lugar>
   <freguesia> Gontim</freguesia>
   <concelho> Fafe </concelho>
   <acesso>Faz-se pela estrada que sai de Luilhas, em direcção a Vieira do Minho.</acesso>
   <quadro>Os monumentos localizam-se num planalto que domina Luilhas, próximo do Fojo de Luilhas.</quadro>
   <descarq>Duas  mamoas muito erodidas, já sem esteios, que deveria pertencer a uma necrópole megalítica que se
			estendia pelo planalto.</descarq>
</arqelem>
