<?xml version="1.0" encoding="UTF-8"?>
<arqelem>
   <id> Ponte de Vizela </id>
   <desc>Ponte</desc>
   <lugar> Ponte de Vizela </lugar>
   <freguesia> Vinhós </freguesia>
   <concelho> Fafe </concelho>
   <acesso>Por C.M. 1649 que parte da E. N. 207, sobre o rio Vizela, entre Travassos e Vinhós. </acesso>
   <quadro/>
   <descarq>Pontão ou poldra em granito. A base de apoio apresenta feição medieval, ou quanto muito dos inícios da Idade Moderna. A passadeira,
			sem guardas, é relativamente recente. Está em bom estado de conservação. </descarq>
</arqelem>
