<?xml version="1.0" encoding="UTF-8"?>
<arqelem>
   <id> Queijeiros </id>
   <desc> Povoado fortificado</desc>
   <lugar> Queijeiros </lugar>
   <freguesia> Abade de Neiva </freguesia>
   <concelho> Barcelos </concelho>
   <acesso>O acesso faz-se pela E. N. 103, aproximadamente ao Km 15, no lado esquerdo da estrada.</acesso>
   <quadro>O povoado localiza-se numa pequena elevação situada numa zona agrícola, relativamente plana e bem irrigada por diversos cursos de
			água.</quadro>
   <descarq>Nos lados Norte e Oeste do cabeço são ainda visíveis restos de uma fortificação, feita com pedras não aparelhadas. Na superfície
			recolhem-se alguns fragmentos de  tégulas e pedras dispersas, provenientes da destruição de estruturas. No
			entanto, não se observam quaisquer alinhamentos de muros. O povoado parece ter possuído apenas uma plataforma, podendo, portanto, ser
			considerado como povoado proto-histórico de baixa altitude, semelhante ao povoado de Lago, em Amares.</descarq>
</arqelem>
