<?xml version="1.0" encoding="UTF-8"?>
<arqelem>
   <id> Cervos </id>
   <desc> Igreja </desc>
   <lugar> Cervos </lugar>
   <freguesia> Cervos </freguesia>
   <concelho> Montalegre </concelho>
   <acesso>O acesso faz-se pela estrada municipal alcatroada que liga a povoação directamente à estrada EN 103, na direcção Montalegre - Boticas.
			O monumento não está sinalizado.</acesso>
   <quadro/>
   <descarq>Em torno da igreja paroquial, no interior do adro murado, vêem-se tampas de sepulturas com decoração simples, muito erodidas por
			reutilização em pavimento e um  sarcófago antropomórfico, em granito. Trata-se de vestígios da  necrópole baixo-medieval, testemunhadores da antiga prática de enterrar os paroquianos no adro envolvente da
			igreja, à sombra protectora do edifício sagrado. Não se conhecem outras referências histórico-arqueológicas contextualizadoras.</descarq>
</arqelem>
