<?xml version="1.0" encoding="UTF-8"?>
<arqelem>
   <id> Igreja Velha de Salto </id>
   <desc> Igreja;  Necrópole medieval</desc>
   <lugar> Salto </lugar>
   <freguesia> Montalegre </freguesia>
   <concelho> Montalegre </concelho>
   <acesso>Centro da aldeia de Salto. O acesso faz-se por rua que liga directamente à estrada EN 311, que atravessa a povoação. O monumento não
			está sinalizado.</acesso>
   <quadro/>
   <descarq>Edifício de traça românica, muito alterado por remodelações e ampliações posteriores. Nas paredes Norte e Sul da 
				nave conserva troços do primitivo  aparelho isódono, com muitos 
				silhares siglados. No coroamento das paredes conservam-se ainda alguns cachorros lisos.
			Deslocados para a traseira da igreja, alinhados na bordadura do adro, observam-se quatro arcas tumulares cobertas com tampas em "duas
			águas", todas com decoração e inscrições. Trata-se de importantes vestígios da  necrópole baixo-medieval,
			testemunhadores da antiga prática de enterrar os paroquianos no adro envolvente da igreja, neste caso possidentes locais. No conjunto
			trata-se de um monumento baixo-medieval razoavelmente conservado, apresentando um adro ajardinado agradavelmente arranjado.</descarq>
</arqelem>
