<?xml version="1.0" encoding="UTF-8"?>
<arqelem>
   <id> Alto das Madanelas </id>
   <desc> Povoado </desc>
   <lugar>Alto das Madalenas </lugar>
   <freguesia> Salto </freguesia>
   <concelho> Montalegre </concelho>
   <acesso>Cerca de 1 km para poente das aldeias de Ameal e Bugalhão. O acesso, difícil, faz-se por um estradão de terra batida, em mau estado, a
			partir da aldeia de Bugalhão. O monumento não está sinalizado.</acesso>
   <quadro/>
   <descarq>Trata-se de um extenso "plateau" sobreelevado e perimetralmente marcado por um talude, no interior do qual se observam arruamentos
			lajeados e vestígios de cerca de 20 casas, de planta geralmente quadrangular e paredes de blocos graníticos mais ou menos aparelhadas,
			muitas ainda com umbrais e soleiras das entradas. Sem que se possa precisar a identificação, corresponderá a uma das várias aldeias da
			zona de Salto referenciadas nas "Inquirições Afonsinas" de 1258, provavelmente abandonada no século XV, tempo de fomes, pestes e guerras.
			Hoje ermo, o local encontra-se mal conservado e coberto por vegetação arbustiva.</descarq>
</arqelem>
