<?xml version="1.0" encoding="UTF-8"?>
<arqelem>
   <id> Alto da Cividade; Braga </id>
   <desc> Povoado da Idade do Bronze </desc>
   <lugar> Alto da Cividade</lugar>
   <freguesia> Cividade </freguesia>
   <concelho> Braga </concelho>
   <acesso> Situa-se no centro histórico da cidade de Braga </acesso>
   <quadro>O Alto da Cividade corresponde ao ponto mais alto da cidade de Braga, que desce em suave declive sobre o vale do rio Este. O sítio era
			ainda, em 1976, uma zona periférica da cidade, ocupada por quintas e quintais. Actualmente encontra-se urbanizada, com exepção dos
			terrenos integrados na Zona Arqueológica de Braga.</quadro>
   <descarq>Durante as escavações realizadas, em 1977 e 1978, na zona Norte do tabuleiro superior da Colina de Maximinos, foram detectadas várias
			fossas abertas no saibro. A escavação de algumas dessas estruturas permitiu exumar cerâmicas proto-históricas que se inserem, de um modo
			geral, na ocupação do Bronze Final da região do NO português. </descarq>
</arqelem>
