<?xml version="1.0" encoding="UTF-8"?>
<arqelem>
   <id> Viade de Baixo </id>
   <desc> Igreja;  Necrópole</desc>
   <lugar> Viade de Baixo </lugar>
   <freguesia> Viade de Baixo </freguesia>
   <concelho> Montalegre </concelho>
   <acesso>O acesso faz-se pela estrada municipal alcatroada que liga a povoação directamente à estrada EN 103, à direita na direcção Montalegre
			- Braga. O monumento não está sinalizado.</acesso>
   <quadro/>
   <descarq>Edifício de arquitectura românica tardia, com troços de paredes originais de  aparelho isódono,
			superiormente rematadas com  modilhões lisos. Portal setentrional de arcoe arquivolta lisas, de volta perfeita. Nartex acrescentado tardiamente, abrigando várias sepulturas modernas.
			Em torno da igreja, no interior do adro murado, vêem-se ainda coberturas de outras sepulturas modernas, algumas com decoração simples nas
			tampas.</descarq>
</arqelem>
