<?xml version="1.0" encoding="UTF-8"?>
<arqelem>
   <id> Castro das Caldas </id>
   <desc> Povoado fortificado</desc>
   <lugar> Monte das Caldas; Monte de S. Mamede </lugar>
   <freguesia> Gondizalves </freguesia>
   <concelho> Braga </concelho>
   <acesso>O acesso a este povoado pode fazer-se, por caminho carreteiro, a partir de Gondizalves, ou Sequeira.</acesso>
   <quadro>O Castro das Caldas localiza-se a NO de Braga, no monte do mesmo nome, outrora também conhecido por Monte de S. Mamede. O cabeço
			corresponde a uma elevação de altitude média, formando um pequeno esporão. O povoado ocupa o extremo Sudeste dessse esporão.</quadro>
   <descarq>O povoado está bastante destruído, sobretudo nos lados Oeste e Sudoeste, onde existe uma grande pedreira. É ainda possível reconhecer
			vestígios de três linhas de muralhas, definidas por taludes, que delimitariam três plataformas. Na parte mais alta do monte são visíveis
			restos de estruturas circulares e rectangulares, bastante arruinadas. Na superfície do povoado recolhem-se fragmentos de  cerâmica indígena, de fabrico  micáceo e de 
				tégulas, que permitem admitir a sua  romanização.</descarq>
</arqelem>
