<?xml version="1.0" encoding="UTF-8"?>
<arqelem>
   <id> Castro de Santa Lucrécia de Algeriz; Santa Catarina</id>
   <desc> Povoado fortificado</desc>
   <lugar> Monte do Galho ou Monte de Vasconcelos </lugar>
   <freguesia> Santa Lucrécia de Algeriz </freguesia>
   <concelho> Braga </concelho>
   <acesso/>
   <quadro>O monte em que assenta o  castro corresponde ao extremo Norte de um esporão montanhoso, orientado Norte/
			Sul, conhecido pelo nome de Monte do Galho e de Monte de Vasconcelos. O povoado encontra-se virado ao vale do Cávado, dominando a larga
			bacia daquele rio.</quadro>
   <descarq>Com excepção do lado Sul, o monte possui vertentes abruptas, que conferem ao povoado boas defesas naturais. Actualmente, são visíveis
			três linhas de muralhas, mais ou menos concêntricas, que definem tabuleiros artificiais. No entanto, a densa vegetação que cobre o monte
			não deixa perceber quaisquer vestígios de estruturas habitacionais. À superfície do povoado recolhem-se alguns fragmentos de  cerâmica indígena de fabrico  micáceo.</descarq>
</arqelem>
