<?xml version="1.0" encoding="UTF-8"?>
<arqelem>
   <id>Eiras Velhas </id>
   <desc> Povoado fortificado</desc>
   <lugar> Eiras Velhas </lugar>
   <freguesia> Este-S. Mamede </freguesia>
   <concelho> Braga </concelho>
   <acesso>O acesso a este povoado faz-se a partir da E. N. 103, no lugar de Rita, até ao campo de futebol local, por estrada florestal.</acesso>
   <quadro>A estação ocupa a parte mais elevada do monte de Eiras Velhas, que se desenvolve num extenso esporão, paralelo ao rio Cávado, na
			vertente norte da Serra do Carvalho. Possui uma posição topográfica assinalável, dominando o vale daquele rio. </quadro>
   <descarq>O povoado possui quatro linhas de muralhas, mais ou menos concêntricas, definidas por taludes, que criam tabuleiros artificiais. A
			zona mais alta corresponde a uma extensa acrópole, onde se assinalam derrubes de estruturas cobertas por vegetação rasteira. Num rasgão do
			terreno provocado, pela abertura de uma estrada florestal, recolhem-se fragmentos de  cerâmica
				indígena de fabrico  micáceo e de cerâmica romana, nomeadamente de ânforas e de  tégulas. Os achados permitem considerar que o povoado foi romanizado, devendo ter tido uma certa importância,
			dada a sua proximidade em relação à via XVII, que passa a meia vertente da Serra do Carvalho.</descarq>
</arqelem>
