<?xml version="1.0" encoding="UTF-8"?>
<arqelem>
   <id> Santa Iria </id>
   <desc> Povoado fortificado</desc>
   <lugar> Monte de Santa Iria</lugar>
   <freguesia> Verim </freguesia>
   <concelho> Póvoa de Lanhoso </concelho>
   <acesso/>
   <quadro>O Monte de Santa Iria é uma pequena elevação que se desenvolve num comprido e estreito esporão, paralelo ao rio Cávado. O monte
			localiza-se a cerca de 1Km a Norte da igreja de Verim.</quadro>
   <descarq>Apesar da baixa altitude do cabeço, as suas vertentes são abruptas, pelo que o povoado possui boas defesas naturais. Na parte mais
			alta do monte, circundando um tabuleiro razoavelmente plano, existem vestígios de um talude defensivo. Aparentemente o povoado possuiria
			apenas uma plataforma, enquadrando-se, deste modo, no conjunto de povoados de baixa altitude. Na supefície do cabeço recolhem-se
			fragmentos de  cerâmica indígena de fabrico micáceo. O sítio
			encontra-se bastante destruído. </descarq>
</arqelem>
